Metric,Value
R²,0.9171048680271996
MSE,0.02039396827877106
MAE,0.04984271782116822
RMSE,0.14280745176205287
NRMSE,0.14280745176205287
NSE,0.9171048680271996
